کفش بوت مردانه,"https://dkstatics-public.digikala.com/digikala-products/115164723.jpg?x-oss-process=image/resize,m_lfit,h_400,w_400/quality,q_90"
کفش بوت مردانه,"https://dkstatics-public.digikala.com/digikala-products/115169339.jpg?x-oss-process=image/resize,m_lfit,h_400,w_400/quality,q_90"
کفش بوت مردانه,"https://dkstatics-public.digikala.com/digikala-products/115171649.jpg?x-oss-process=image/resize,m_lfit,h_400,w_400/quality,q_90"
کفش بوت مردانه,"https://dkstatics-public.digikala.com/digikala-products/115174043.jpg?x-oss-process=image/resize,m_lfit,h_400,w_400/quality,q_90"
کفش بوت مردانه,"https://dkstatics-public.digikala.com/digikala-products/115213594.jpg?x-oss-process=image/resize,m_lfit,h_400,w_400/quality,q_90"
کفش بوت مردانه,"https://dkstatics-public.digikala.com/digikala-products/115214444.jpg?x-oss-process=image/resize,m_lfit,h_400,w_400/quality,q_90"
کفش بوت مردانه,"https://dkstatics-public.digikala.com/digikala-products/115217595.jpg?x-oss-process=image/resize,m_lfit,h_400,w_400/quality,q_90"
کفش بوت مردانه,"https://dkstatics-public.digikala.com/digikala-products/115222770.jpg?x-oss-process=image/resize,m_lfit,h_400,w_400/quality,q_90"
کفش بوت مردانه,"https://dkstatics-public.digikala.com/digikala-products/115224014.jpg?x-oss-process=image/resize,m_lfit,h_400,w_400/quality,q_90"
کفش بوت مردانه,"https://dkstatics-public.digikala.com/digikala-products/115224089.jpg?x-oss-process=image/resize,m_lfit,h_400,w_400/quality,q_90"
کفش بوت مردانه,"https://dkstatics-public.digikala.com/digikala-products/115231994.jpg?x-oss-process=image/resize,m_lfit,h_400,w_400/quality,q_90"
کفش بوت مردانه,"https://dkstatics-public.digikala.com/digikala-products/115290178.jpg?x-oss-process=image/resize,m_lfit,h_400,w_400/quality,q_90"
کفش بوت مردانه,"https://dkstatics-public.digikala.com/digikala-products/115294039.jpg?x-oss-process=image/resize,m_lfit,h_400,w_400/quality,q_90"
کفش بوت مردانه,"https://dkstatics-public.digikala.com/digikala-products/115345733.jpg?x-oss-process=image/resize,m_lfit,h_400,w_400/quality,q_90"
کفش بوت مردانه,"https://dkstatics-public.digikala.com/digikala-products/115348994.jpg?x-oss-process=image/resize,m_lfit,h_400,w_400/quality,q_90"
کفش بوت مردانه,"https://dkstatics-public.digikala.com/digikala-products/115349368.jpg?x-oss-process=image/resize,m_lfit,h_400,w_400/quality,q_90"
کفش بوت مردانه,"https://dkstatics-public.digikala.com/digikala-products/115353464.jpg?x-oss-process=image/resize,m_lfit,h_400,w_400/quality,q_90"
کفش بوت مردانه,"https://dkstatics-public.digikala.com/digikala-products/115353617.jpg?x-oss-process=image/resize,m_lfit,h_400,w_400/quality,q_90"
کفش بوت مردانه,"https://dkstatics-public.digikala.com/digikala-products/115354616.jpg?x-oss-process=image/resize,m_lfit,h_400,w_400/quality,q_90"
کفش بوت مردانه,"https://dkstatics-public.digikala.com/digikala-products/115356849.jpg?x-oss-process=image/resize,m_lfit,h_400,w_400/quality,q_90"
کفش بوت مردانه,"https://dkstatics-public.digikala.com/digikala-products/115357901.jpg?x-oss-process=image/resize,m_lfit,h_400,w_400/quality,q_90"
کفش بوت مردانه,"https://dkstatics-public.digikala.com/digikala-products/115358536.jpg?x-oss-process=image/resize,m_lfit,h_400,w_400/quality,q_90"
کفش بوت مردانه,"https://dkstatics-public.digikala.com/digikala-products/115358622.jpg?x-oss-process=image/resize,m_lfit,h_400,w_400/quality,q_90"
کفش بوت مردانه,"https://dkstatics-public.digikala.com/digikala-products/115362857.jpg?x-oss-process=image/resize,m_lfit,h_400,w_400/quality,q_90"
کفش بوت مردانه,"https://dkstatics-public.digikala.com/digikala-products/117364528.jpg?x-oss-process=image/resize,m_lfit,h_400,w_400/quality,q_90"
کفش بوت مردانه,"https://dkstatics-public.digikala.com/digikala-products/117364750.jpg?x-oss-process=image/resize,m_lfit,h_400,w_400/quality,q_90"
کفش بوت مردانه,"https://dkstatics-public.digikala.com/digikala-products/117365256.jpg?x-oss-process=image/resize,m_lfit,h_400,w_400/quality,q_90"
کفش بوت مردانه,"https://dkstatics-public.digikala.com/digikala-products/117365808.jpg?x-oss-process=image/resize,m_lfit,h_400,w_400/quality,q_90"
کفش بوت مردانه,"https://dkstatics-public.digikala.com/digikala-products/119448932.jpg?x-oss-process=image/resize,m_lfit,h_400,w_400/quality,q_90"
کفش بوت مردانه,"https://dkstatics-public.digikala.com/digikala-products/119630077.jpg?x-oss-process=image/resize,m_lfit,h_400,w_400/quality,q_90"
کفش بوت مردانه,"https://dkstatics-public.digikala.com/digikala-products/119731045.jpg?x-oss-process=image/resize,m_lfit,h_400,w_400/quality,q_90"
کفش بوت مردانه,"https://dkstatics-public.digikala.com/digikala-products/119731290.jpg?x-oss-process=image/resize,m_lfit,h_400,w_400/quality,q_90"
کفش بوت مردانه,"https://dkstatics-public.digikala.com/digikala-products/119846273.jpg?x-oss-process=image/resize,m_lfit,h_400,w_400/quality,q_90"
کفش بوت مردانه,"https://dkstatics-public.digikala.com/digikala-products/119895386.jpg?x-oss-process=image/resize,m_lfit,h_400,w_400/quality,q_90"
کفش بوت مردانه,"https://dkstatics-public.digikala.com/digikala-products/119977810.jpg?x-oss-process=image/resize,m_lfit,h_400,w_400/quality,q_90"
کفش بوت مردانه,"https://dkstatics-public.digikala.com/digikala-products/119978372.jpg?x-oss-process=image/resize,m_lfit,h_400,w_400/quality,q_90"
کفش پسرانه,"https://dkstatics-public.digikala.com/digikala-products/112742902.jpg?x-oss-process=image/resize,m_lfit,h_400,w_400/quality,q_90"
کفش پسرانه,"https://dkstatics-public.digikala.com/digikala-products/112797877.jpg?x-oss-process=image/resize,m_lfit,h_400,w_400/quality,q_90"
کفش پسرانه,"https://dkstatics-public.digikala.com/digikala-products/112814278.jpg?x-oss-process=image/resize,m_lfit,h_400,w_400/quality,q_90"
کفش پسرانه,"https://dkstatics-public.digikala.com/digikala-products/113232525.jpg?x-oss-process=image/resize,m_lfit,h_400,w_400/quality,q_90"
کفش پسرانه,"https://dkstatics-public.digikala.com/digikala-products/113232540.jpg?x-oss-process=image/resize,m_lfit,h_400,w_400/quality,q_90"
کفش پسرانه,"https://dkstatics-public.digikala.com/digikala-products/113232560.jpg?x-oss-process=image/resize,m_lfit,h_400,w_400/quality,q_90"
کفش پسرانه,"https://dkstatics-public.digikala.com/digikala-products/113245069.jpg?x-oss-process=image/resize,m_lfit,h_400,w_400/quality,q_90"
کفش پسرانه,"https://dkstatics-public.digikala.com/digikala-products/113402461.jpg?x-oss-process=image/resize,m_lfit,h_400,w_400/quality,q_90"
کفش پسرانه,"https://dkstatics-public.digikala.com/digikala-products/113503572.jpg?x-oss-process=image/resize,m_lfit,h_400,w_400/quality,q_90"
کفش پسرانه,"https://dkstatics-public.digikala.com/digikala-products/114301278.jpg?x-oss-process=image/resize,m_lfit,h_400,w_400/quality,q_90"
کفش پسرانه,"https://dkstatics-public.digikala.com/digikala-products/116741270.jpg?x-oss-process=image/resize,m_lfit,h_400,w_400/quality,q_90"
کفش پسرانه,"https://dkstatics-public.digikala.com/digikala-products/116741353.jpg?x-oss-process=image/resize,m_lfit,h_400,w_400/quality,q_90"
کفش پسرانه,"https://dkstatics-public.digikala.com/digikala-products/116741535.jpg?x-oss-process=image/resize,m_lfit,h_400,w_400/quality,q_90"
کفش پسرانه,"https://dkstatics-public.digikala.com/digikala-products/116745216.jpg?x-oss-process=image/resize,m_lfit,h_400,w_400/quality,q_90"
کفش پسرانه,"https://dkstatics-public.digikala.com/digikala-products/116771226.jpg?x-oss-process=image/resize,m_lfit,h_400,w_400/quality,q_90"
کفش پسرانه,"https://dkstatics-public.digikala.com/digikala-products/116774030.jpg?x-oss-process=image/resize,m_lfit,h_400,w_400/quality,q_90"
کفش پسرانه,"https://dkstatics-public.digikala.com/digikala-products/116774868.jpg?x-oss-process=image/resize,m_lfit,h_400,w_400/quality,q_90"
کفش پسرانه,"https://dkstatics-public.digikala.com/digikala-products/116794315.jpg?x-oss-process=image/resize,m_lfit,h_400,w_400/quality,q_90"
کفش پسرانه,"https://dkstatics-public.digikala.com/digikala-products/116820587.jpg?x-oss-process=image/resize,m_lfit,h_400,w_400/quality,q_90"
کفش پسرانه,"https://dkstatics-public.digikala.com/digikala-products/116820642.jpg?x-oss-process=image/resize,m_lfit,h_400,w_400/quality,q_90"
کفش پسرانه,"https://dkstatics-public.digikala.com/digikala-products/116821596.jpg?x-oss-process=image/resize,m_lfit,h_400,w_400/quality,q_90"
کفش پسرانه,"https://dkstatics-public.digikala.com/digikala-products/117295797.jpg?x-oss-process=image/resize,m_lfit,h_400,w_400/quality,q_90"
کفش پسرانه,"https://dkstatics-public.digikala.com/digikala-products/117452502.jpg?x-oss-process=image/resize,m_lfit,h_400,w_400/quality,q_90"
کفش پسرانه,"https://dkstatics-public.digikala.com/digikala-products/117500000.jpg?x-oss-process=image/resize,m_lfit,h_400,w_400/quality,q_90"
کفش پسرانه,"https://dkstatics-public.digikala.com/digikala-products/117552659.jpg?x-oss-process=image/resize,m_lfit,h_400,w_400/quality,q_90"
کفش پسرانه,"https://dkstatics-public.digikala.com/digikala-products/117586361.jpg?x-oss-process=image/resize,m_lfit,h_400,w_400/quality,q_90"
کفش پسرانه,"https://dkstatics-public.digikala.com/digikala-products/117592500.jpg?x-oss-process=image/resize,m_lfit,h_400,w_400/quality,q_90"
کفش پسرانه,"https://dkstatics-public.digikala.com/digikala-products/117626725.jpg?x-oss-process=image/resize,m_lfit,h_400,w_400/quality,q_90"
کفش پسرانه,"https://dkstatics-public.digikala.com/digikala-products/117741802.jpg?x-oss-process=image/resize,m_lfit,h_400,w_400/quality,q_90"
کفش پسرانه,"https://dkstatics-public.digikala.com/digikala-products/118978865.jpg?x-oss-process=image/resize,m_lfit,h_400,w_400/quality,q_90"
کفش پسرانه,"https://dkstatics-public.digikala.com/digikala-products/118979705.jpg?x-oss-process=image/resize,m_lfit,h_400,w_400/quality,q_90"
کفش پسرانه,"https://dkstatics-public.digikala.com/digikala-products/118981162.jpg?x-oss-process=image/resize,m_lfit,h_400,w_400/quality,q_90"
کفش پسرانه,"https://dkstatics-public.digikala.com/digikala-products/118982071.jpg?x-oss-process=image/resize,m_lfit,h_400,w_400/quality,q_90"
کفش پسرانه,"https://dkstatics-public.digikala.com/digikala-products/119131242.jpg?x-oss-process=image/resize,m_lfit,h_400,w_400/quality,q_90"
کفش پسرانه,"https://dkstatics-public.digikala.com/digikala-products/119149570.jpg?x-oss-process=image/resize,m_lfit,h_400,w_400/quality,q_90"
کفش پسرانه,"https://dkstatics-public.digikala.com/digikala-products/120006265.jpg?x-oss-process=image/resize,m_lfit,h_400,w_400/quality,q_90"
کفش پسرانه,"https://dkstatics-public.digikala.com/digikala-products/120006452.jpg?x-oss-process=image/resize,m_lfit,h_400,w_400/quality,q_90"
کفش پسرانه,"https://dkstatics-public.digikala.com/digikala-products/120006606.jpg?x-oss-process=image/resize,m_lfit,h_400,w_400/quality,q_90"
کفش پسرانه,"https://dkstatics-public.digikala.com/digikala-products/120032376.jpg?x-oss-process=image/resize,m_lfit,h_400,w_400/quality,q_90"
کفش پسرانه,"https://dkstatics-public.digikala.com/digikala-products/120043674.jpg?x-oss-process=image/resize,m_lfit,h_400,w_400/quality,q_90"
کفش پسرانه,"https://dkstatics-public.digikala.com/digikala-products/120044753.jpg?x-oss-process=image/resize,m_lfit,h_400,w_400/quality,q_90"
کفش پسرانه,"https://dkstatics-public.digikala.com/digikala-products/120045196.jpg?x-oss-process=image/resize,m_lfit,h_400,w_400/quality,q_90"
کفش پسرانه,"https://dkstatics-public.digikala.com/digikala-products/120045867.jpg?x-oss-process=image/resize,m_lfit,h_400,w_400/quality,q_90"
کفش پسرانه,"https://dkstatics-public.digikala.com/digikala-products/120319828.jpg?x-oss-process=image/resize,m_lfit,h_400,w_400/quality,q_90"
کفش پسرانه,"https://dkstatics-public.digikala.com/digikala-products/120320600.jpg?x-oss-process=image/resize,m_lfit,h_400,w_400/quality,q_90"
کفش پسرانه,"https://dkstatics-public.digikala.com/digikala-products/120321054.jpg?x-oss-process=image/resize,m_lfit,h_400,w_400/quality,q_90"
کفش تخت زنانه,"https://dkstatics-public.digikala.com/digikala-products/115411256.jpg?x-oss-process=image/resize,m_lfit,h_400,w_400/quality,q_90"
کفش تخت زنانه,"https://dkstatics-public.digikala.com/digikala-products/115420367.jpg?x-oss-process=image/resize,m_lfit,h_400,w_400/quality,q_90"
کفش تخت زنانه,"https://dkstatics-public.digikala.com/digikala-products/115422875.jpg?x-oss-process=image/resize,m_lfit,h_400,w_400/quality,q_90"
کفش تخت زنانه,"https://dkstatics-public.digikala.com/digikala-products/115427625.jpg?x-oss-process=image/resize,m_lfit,h_400,w_400/quality,q_90"
کفش تخت زنانه,"https://dkstatics-public.digikala.com/digikala-products/115427731.jpg?x-oss-process=image/resize,m_lfit,h_400,w_400/quality,q_90"
کفش تخت زنانه,"https://dkstatics-public.digikala.com/digikala-products/115429173.jpg?x-oss-process=image/resize,m_lfit,h_400,w_400/quality,q_90"
کفش تخت زنانه,"https://dkstatics-public.digikala.com/digikala-products/115432556.jpg?x-oss-process=image/resize,m_lfit,h_400,w_400/quality,q_90"
کفش تخت زنانه,"https://dkstatics-public.digikala.com/digikala-products/115443867.jpg?x-oss-process=image/resize,m_lfit,h_400,w_400/quality,q_90"
کفش تخت زنانه,"https://dkstatics-public.digikala.com/digikala-products/115446621.jpg?x-oss-process=image/resize,m_lfit,h_400,w_400/quality,q_90"
کفش تخت زنانه,"https://dkstatics-public.digikala.com/digikala-products/115450248.jpg?x-oss-process=image/resize,m_lfit,h_400,w_400/quality,q_90"
کفش تخت زنانه,"https://dkstatics-public.digikala.com/digikala-products/115453519.jpg?x-oss-process=image/resize,m_lfit,h_400,w_400/quality,q_90"
کفش تخت زنانه,"https://dkstatics-public.digikala.com/digikala-products/115453599.jpg?x-oss-process=image/resize,m_lfit,h_400,w_400/quality,q_90"
کفش تخت زنانه,"https://dkstatics-public.digikala.com/digikala-products/115478173.jpg?x-oss-process=image/resize,m_lfit,h_400,w_400/quality,q_90"
کفش تخت زنانه,"https://dkstatics-public.digikala.com/digikala-products/115486771.jpg?x-oss-process=image/resize,m_lfit,h_400,w_400/quality,q_90"
کفش تخت زنانه,"https://dkstatics-public.digikala.com/digikala-products/115487160.jpg?x-oss-process=image/resize,m_lfit,h_400,w_400/quality,q_90"
کفش تخت زنانه,"https://dkstatics-public.digikala.com/digikala-products/115489576.jpg?x-oss-process=image/resize,m_lfit,h_400,w_400/quality,q_90"
کفش تخت زنانه,"https://dkstatics-public.digikala.com/digikala-products/115497050.jpg?x-oss-process=image/resize,m_lfit,h_400,w_400/quality,q_90"
کفش تخت زنانه,"https://dkstatics-public.digikala.com/digikala-products/115499575.jpg?x-oss-process=image/resize,m_lfit,h_400,w_400/quality,q_90"
کفش تخت زنانه,"https://dkstatics-public.digikala.com/digikala-products/115510373.jpg?x-oss-process=image/resize,m_lfit,h_400,w_400/quality,q_90"
کفش تخت زنانه,"https://dkstatics-public.digikala.com/digikala-products/115518739.jpg?x-oss-process=image/resize,m_lfit,h_400,w_400/quality,q_90"
کفش تخت زنانه,"https://dkstatics-public.digikala.com/digikala-products/115519518.jpg?x-oss-process=image/resize,m_lfit,h_400,w_400/quality,q_90"
کفش تخت زنانه,"https://dkstatics-public.digikala.com/digikala-products/115519551.jpg?x-oss-process=image/resize,m_lfit,h_400,w_400/quality,q_90"
کفش تخت زنانه,"https://dkstatics-public.digikala.com/digikala-products/115536294.jpg?x-oss-process=image/resize,m_lfit,h_400,w_400/quality,q_90"
کفش تخت زنانه,"https://dkstatics-public.digikala.com/digikala-products/115536966.jpg?x-oss-process=image/resize,m_lfit,h_400,w_400/quality,q_90"
کفش تخت زنانه,"https://dkstatics-public.digikala.com/digikala-products/115559003.jpg?x-oss-process=image/resize,m_lfit,h_400,w_400/quality,q_90"
کفش تخت زنانه,"https://dkstatics-public.digikala.com/digikala-products/115559237.jpg?x-oss-process=image/resize,m_lfit,h_400,w_400/quality,q_90"
کفش تخت زنانه,"https://dkstatics-public.digikala.com/digikala-products/115561710.jpg?x-oss-process=image/resize,m_lfit,h_400,w_400/quality,q_90"
کفش تخت زنانه,"https://dkstatics-public.digikala.com/digikala-products/115576518.jpg?x-oss-process=image/resize,m_lfit,h_400,w_400/quality,q_90"
کفش تخت زنانه,"https://dkstatics-public.digikala.com/digikala-products/115589439.jpg?x-oss-process=image/resize,m_lfit,h_400,w_400/quality,q_90"
کفش تخت زنانه,"https://dkstatics-public.digikala.com/digikala-products/115592783.jpg?x-oss-process=image/resize,m_lfit,h_400,w_400/quality,q_90"
کفش تخت زنانه,"https://dkstatics-public.digikala.com/digikala-products/115593083.jpg?x-oss-process=image/resize,m_lfit,h_400,w_400/quality,q_90"
کفش تخت زنانه,"https://dkstatics-public.digikala.com/digikala-products/115595451.jpg?x-oss-process=image/resize,m_lfit,h_400,w_400/quality,q_90"
کفش تخت زنانه,"https://dkstatics-public.digikala.com/digikala-products/115597387.jpg?x-oss-process=image/resize,m_lfit,h_400,w_400/quality,q_90"
کفش تخت زنانه,"https://dkstatics-public.digikala.com/digikala-products/115597452.jpg?x-oss-process=image/resize,m_lfit,h_400,w_400/quality,q_90"
کفش تخت زنانه,"https://dkstatics-public.digikala.com/digikala-products/115598411.jpg?x-oss-process=image/resize,m_lfit,h_400,w_400/quality,q_90"
کفش تخت زنانه,"https://dkstatics-public.digikala.com/digikala-products/115598706.jpg?x-oss-process=image/resize,m_lfit,h_400,w_400/quality,q_90"
کفش تخت زنانه,"https://dkstatics-public.digikala.com/digikala-products/115599030.jpg?x-oss-process=image/resize,m_lfit,h_400,w_400/quality,q_90"
کفش تخت زنانه,"https://dkstatics-public.digikala.com/digikala-products/115599768.jpg?x-oss-process=image/resize,m_lfit,h_400,w_400/quality,q_90"
کفش تخت زنانه,"https://dkstatics-public.digikala.com/digikala-products/115599912.jpg?x-oss-process=image/resize,m_lfit,h_400,w_400/quality,q_90"
کفش تخت زنانه,"https://dkstatics-public.digikala.com/digikala-products/115600208.jpg?x-oss-process=image/resize,m_lfit,h_400,w_400/quality,q_90"
کفش تخت زنانه,"https://dkstatics-public.digikala.com/digikala-products/115600365.jpg?x-oss-process=image/resize,m_lfit,h_400,w_400/quality,q_90"
کفش تخت زنانه,"https://dkstatics-public.digikala.com/digikala-products/115600419.jpg?x-oss-process=image/resize,m_lfit,h_400,w_400/quality,q_90"
کفش تخت زنانه,"https://dkstatics-public.digikala.com/digikala-products/115601585.jpg?x-oss-process=image/resize,m_lfit,h_400,w_400/quality,q_90"
کفش تخت زنانه,"https://dkstatics-public.digikala.com/digikala-products/118050140.jpg?x-oss-process=image/resize,m_lfit,h_400,w_400/quality,q_90"
کفش تخت زنانه,"https://dkstatics-public.digikala.com/digikala-products/119752988.jpg?x-oss-process=image/resize,m_lfit,h_400,w_400/quality,q_90"
کفش دخترانه,"https://dkstatics-public.digikala.com/digikala-products/112742902.jpg?x-oss-process=image/resize,m_lfit,h_400,w_400/quality,q_90"
کفش دخترانه,"https://dkstatics-public.digikala.com/digikala-products/112797877.jpg?x-oss-process=image/resize,m_lfit,h_400,w_400/quality,q_90"
کفش دخترانه,"https://dkstatics-public.digikala.com/digikala-products/112814278.jpg?x-oss-process=image/resize,m_lfit,h_400,w_400/quality,q_90"
کفش دخترانه,"https://dkstatics-public.digikala.com/digikala-products/113245069.jpg?x-oss-process=image/resize,m_lfit,h_400,w_400/quality,q_90"
کفش دخترانه,"https://dkstatics-public.digikala.com/digikala-products/113339412.jpg?x-oss-process=image/resize,m_lfit,h_400,w_400/quality,q_90"
کفش دخترانه,"https://dkstatics-public.digikala.com/digikala-products/113402461.jpg?x-oss-process=image/resize,m_lfit,h_400,w_400/quality,q_90"
کفش دخترانه,"https://dkstatics-public.digikala.com/digikala-products/113503572.jpg?x-oss-process=image/resize,m_lfit,h_400,w_400/quality,q_90"
کفش دخترانه,"https://dkstatics-public.digikala.com/digikala-products/114301278.jpg?x-oss-process=image/resize,m_lfit,h_400,w_400/quality,q_90"
کفش دخترانه,"https://dkstatics-public.digikala.com/digikala-products/116741819.jpg?x-oss-process=image/resize,m_lfit,h_400,w_400/quality,q_90"
کفش دخترانه,"https://dkstatics-public.digikala.com/digikala-products/116744737.jpg?x-oss-process=image/resize,m_lfit,h_400,w_400/quality,q_90"
کفش دخترانه,"https://dkstatics-public.digikala.com/digikala-products/116777144.jpg?x-oss-process=image/resize,m_lfit,h_400,w_400/quality,q_90"
کفش دخترانه,"https://dkstatics-public.digikala.com/digikala-products/116791833.jpg?x-oss-process=image/resize,m_lfit,h_400,w_400/quality,q_90"
کفش دخترانه,"https://dkstatics-public.digikala.com/digikala-products/116820068.jpg?x-oss-process=image/resize,m_lfit,h_400,w_400/quality,q_90"
کفش دخترانه,"https://dkstatics-public.digikala.com/digikala-products/116820661.jpg?x-oss-process=image/resize,m_lfit,h_400,w_400/quality,q_90"
کفش دخترانه,"https://dkstatics-public.digikala.com/digikala-products/116820827.jpg?x-oss-process=image/resize,m_lfit,h_400,w_400/quality,q_90"
کفش دخترانه,"https://dkstatics-public.digikala.com/digikala-products/116859001.jpg?x-oss-process=image/resize,m_lfit,h_400,w_400/quality,q_90"
کفش دخترانه,"https://dkstatics-public.digikala.com/digikala-products/116863630.jpg?x-oss-process=image/resize,m_lfit,h_400,w_400/quality,q_90"
کفش دخترانه,"https://dkstatics-public.digikala.com/digikala-products/116863838.jpg?x-oss-process=image/resize,m_lfit,h_400,w_400/quality,q_90"
کفش دخترانه,"https://dkstatics-public.digikala.com/digikala-products/116940402.jpg?x-oss-process=image/resize,m_lfit,h_400,w_400/quality,q_90"
کفش دخترانه,"https://dkstatics-public.digikala.com/digikala-products/116943621.jpg?x-oss-process=image/resize,m_lfit,h_400,w_400/quality,q_90"
کفش دخترانه,"https://dkstatics-public.digikala.com/digikala-products/117088550.jpg?x-oss-process=image/resize,m_lfit,h_400,w_400/quality,q_90"
کفش دخترانه,"https://dkstatics-public.digikala.com/digikala-products/117117836.jpg?x-oss-process=image/resize,m_lfit,h_400,w_400/quality,q_90"
کفش دخترانه,"https://dkstatics-public.digikala.com/digikala-products/117191493.jpg?x-oss-process=image/resize,m_lfit,h_400,w_400/quality,q_90"
کفش دخترانه,"https://dkstatics-public.digikala.com/digikala-products/117196916.jpg?x-oss-process=image/resize,m_lfit,h_400,w_400/quality,q_90"
کفش دخترانه,"https://dkstatics-public.digikala.com/digikala-products/117500616.jpg?x-oss-process=image/resize,m_lfit,h_400,w_400/quality,q_90"
کفش دخترانه,"https://dkstatics-public.digikala.com/digikala-products/117518246.jpg?x-oss-process=image/resize,m_lfit,h_400,w_400/quality,q_90"
کفش دخترانه,"https://dkstatics-public.digikala.com/digikala-products/117621581.jpg?x-oss-process=image/resize,m_lfit,h_400,w_400/quality,q_90"
کفش دخترانه,"https://dkstatics-public.digikala.com/digikala-products/117646443.jpg?x-oss-process=image/resize,m_lfit,h_400,w_400/quality,q_90"
کفش دخترانه,"https://dkstatics-public.digikala.com/digikala-products/117694052.jpg?x-oss-process=image/resize,m_lfit,h_400,w_400/quality,q_90"
کفش دخترانه,"https://dkstatics-public.digikala.com/digikala-products/117705803.jpg?x-oss-process=image/resize,m_lfit,h_400,w_400/quality,q_90"
کفش دخترانه,"https://dkstatics-public.digikala.com/digikala-products/119080834.jpg?x-oss-process=image/resize,m_lfit,h_400,w_400/quality,q_90"
کفش دخترانه,"https://dkstatics-public.digikala.com/digikala-products/119141805.jpg?x-oss-process=image/resize,m_lfit,h_400,w_400/quality,q_90"
کفش دخترانه,"https://dkstatics-public.digikala.com/digikala-products/119150733.jpg?x-oss-process=image/resize,m_lfit,h_400,w_400/quality,q_90"
کفش دخترانه,"https://dkstatics-public.digikala.com/digikala-products/119509370.jpg?x-oss-process=image/resize,m_lfit,h_400,w_400/quality,q_90"
کفش دخترانه,"https://dkstatics-public.digikala.com/digikala-products/119911055.jpg?x-oss-process=image/resize,m_lfit,h_400,w_400/quality,q_90"
کفش دخترانه,"https://dkstatics-public.digikala.com/digikala-products/119911196.jpg?x-oss-process=image/resize,m_lfit,h_400,w_400/quality,q_90"
کفش دخترانه,"https://dkstatics-public.digikala.com/digikala-products/119911602.jpg?x-oss-process=image/resize,m_lfit,h_400,w_400/quality,q_90"
کفش دخترانه,"https://dkstatics-public.digikala.com/digikala-products/119911788.jpg?x-oss-process=image/resize,m_lfit,h_400,w_400/quality,q_90"
کفش دخترانه,"https://dkstatics-public.digikala.com/digikala-products/120006265.jpg?x-oss-process=image/resize,m_lfit,h_400,w_400/quality,q_90"
کفش دخترانه,"https://dkstatics-public.digikala.com/digikala-products/120006452.jpg?x-oss-process=image/resize,m_lfit,h_400,w_400/quality,q_90"
کفش دخترانه,"https://dkstatics-public.digikala.com/digikala-products/120006606.jpg?x-oss-process=image/resize,m_lfit,h_400,w_400/quality,q_90"
کفش دخترانه,"https://dkstatics-public.digikala.com/digikala-products/120032376.jpg?x-oss-process=image/resize,m_lfit,h_400,w_400/quality,q_90"
کفش دخترانه,"https://dkstatics-public.digikala.com/digikala-products/120043674.jpg?x-oss-process=image/resize,m_lfit,h_400,w_400/quality,q_90"
کفش دخترانه,"https://dkstatics-public.digikala.com/digikala-products/120044753.jpg?x-oss-process=image/resize,m_lfit,h_400,w_400/quality,q_90"
کفش دخترانه,"https://dkstatics-public.digikala.com/digikala-products/120045196.jpg?x-oss-process=image/resize,m_lfit,h_400,w_400/quality,q_90"
کفش دخترانه,"https://dkstatics-public.digikala.com/digikala-products/120045867.jpg?x-oss-process=image/resize,m_lfit,h_400,w_400/quality,q_90"
کفش رسمی مردانه,"https://dkstatics-public.digikala.com/digikala-products/115180324.jpg?x-oss-process=image/resize,m_lfit,h_400,w_400/quality,q_90"
کفش رسمی مردانه,"https://dkstatics-public.digikala.com/digikala-products/115181496.jpg?x-oss-process=image/resize,m_lfit,h_400,w_400/quality,q_90"
کفش رسمی مردانه,"https://dkstatics-public.digikala.com/digikala-products/115183385.jpg?x-oss-process=image/resize,m_lfit,h_400,w_400/quality,q_90"
کفش رسمی مردانه,"https://dkstatics-public.digikala.com/digikala-products/115203283.jpg?x-oss-process=image/resize,m_lfit,h_400,w_400/quality,q_90"
کفش رسمی مردانه,"https://dkstatics-public.digikala.com/digikala-products/115203528.jpg?x-oss-process=image/resize,m_lfit,h_400,w_400/quality,q_90"
کفش رسمی مردانه,"https://dkstatics-public.digikala.com/digikala-products/115215114.jpg?x-oss-process=image/resize,m_lfit,h_400,w_400/quality,q_90"
کفش رسمی مردانه,"https://dkstatics-public.digikala.com/digikala-products/115236725.jpg?x-oss-process=image/resize,m_lfit,h_400,w_400/quality,q_90"
کفش رسمی مردانه,"https://dkstatics-public.digikala.com/digikala-products/115237198.jpg?x-oss-process=image/resize,m_lfit,h_400,w_400/quality,q_90"
کفش رسمی مردانه,"https://dkstatics-public.digikala.com/digikala-products/115242700.jpg?x-oss-process=image/resize,m_lfit,h_400,w_400/quality,q_90"
کفش رسمی مردانه,"https://dkstatics-public.digikala.com/digikala-products/115305512.jpg?x-oss-process=image/resize,m_lfit,h_400,w_400/quality,q_90"
کفش رسمی مردانه,"https://dkstatics-public.digikala.com/digikala-products/115306826.jpg?x-oss-process=image/resize,m_lfit,h_400,w_400/quality,q_90"
کفش رسمی مردانه,"https://dkstatics-public.digikala.com/digikala-products/115320371.jpg?x-oss-process=image/resize,m_lfit,h_400,w_400/quality,q_90"
کفش رسمی مردانه,"https://dkstatics-public.digikala.com/digikala-products/115327016.jpg?x-oss-process=image/resize,m_lfit,h_400,w_400/quality,q_90"
کفش رسمی مردانه,"https://dkstatics-public.digikala.com/digikala-products/115328701.jpg?x-oss-process=image/resize,m_lfit,h_400,w_400/quality,q_90"
کفش رسمی مردانه,"https://dkstatics-public.digikala.com/digikala-products/115331820.jpg?x-oss-process=image/resize,m_lfit,h_400,w_400/quality,q_90"
کفش رسمی مردانه,"https://dkstatics-public.digikala.com/digikala-products/115341283.jpg?x-oss-process=image/resize,m_lfit,h_400,w_400/quality,q_90"
کفش رسمی مردانه,"https://dkstatics-public.digikala.com/digikala-products/115345244.jpg?x-oss-process=image/resize,m_lfit,h_400,w_400/quality,q_90"
کفش رسمی مردانه,"https://dkstatics-public.digikala.com/digikala-products/115345272.jpg?x-oss-process=image/resize,m_lfit,h_400,w_400/quality,q_90"
کفش رسمی مردانه,"https://dkstatics-public.digikala.com/digikala-products/115355856.jpg?x-oss-process=image/resize,m_lfit,h_400,w_400/quality,q_90"
کفش رسمی مردانه,"https://dkstatics-public.digikala.com/digikala-products/115355933.jpg?x-oss-process=image/resize,m_lfit,h_400,w_400/quality,q_90"
کفش رسمی مردانه,"https://dkstatics-public.digikala.com/digikala-products/115355978.jpg?x-oss-process=image/resize,m_lfit,h_400,w_400/quality,q_90"
کفش رسمی مردانه,"https://dkstatics-public.digikala.com/digikala-products/115356017.jpg?x-oss-process=image/resize,m_lfit,h_400,w_400/quality,q_90"
کفش رسمی مردانه,"https://dkstatics-public.digikala.com/digikala-products/115359198.jpg?x-oss-process=image/resize,m_lfit,h_400,w_400/quality,q_90"
کفش رسمی مردانه,"https://dkstatics-public.digikala.com/digikala-products/115359236.jpg?x-oss-process=image/resize,m_lfit,h_400,w_400/quality,q_90"
کفش رسمی مردانه,"https://dkstatics-public.digikala.com/digikala-products/115359289.jpg?x-oss-process=image/resize,m_lfit,h_400,w_400/quality,q_90"
کفش رسمی مردانه,"https://dkstatics-public.digikala.com/digikala-products/115359339.jpg?x-oss-process=image/resize,m_lfit,h_400,w_400/quality,q_90"
کفش رسمی مردانه,"https://dkstatics-public.digikala.com/digikala-products/115359979.jpg?x-oss-process=image/resize,m_lfit,h_400,w_400/quality,q_90"
کفش رسمی مردانه,"https://dkstatics-public.digikala.com/digikala-products/115361068.jpg?x-oss-process=image/resize,m_lfit,h_400,w_400/quality,q_90"
کفش رسمی مردانه,"https://dkstatics-public.digikala.com/digikala-products/115361112.jpg?x-oss-process=image/resize,m_lfit,h_400,w_400/quality,q_90"
کفش رسمی مردانه,"https://dkstatics-public.digikala.com/digikala-products/115361166.jpg?x-oss-process=image/resize,m_lfit,h_400,w_400/quality,q_90"
کفش رسمی مردانه,"https://dkstatics-public.digikala.com/digikala-products/115361200.jpg?x-oss-process=image/resize,m_lfit,h_400,w_400/quality,q_90"
کفش رسمی مردانه,"https://dkstatics-public.digikala.com/digikala-products/115362211.jpg?x-oss-process=image/resize,m_lfit,h_400,w_400/quality,q_90"
کفش رسمی مردانه,"https://dkstatics-public.digikala.com/digikala-products/115363406.jpg?x-oss-process=image/resize,m_lfit,h_400,w_400/quality,q_90"
کفش رسمی مردانه,"https://dkstatics-public.digikala.com/digikala-products/115601777.jpg?x-oss-process=image/resize,m_lfit,h_400,w_400/quality,q_90"
کفش رسمی مردانه,"https://dkstatics-public.digikala.com/digikala-products/119454214.jpg?x-oss-process=image/resize,m_lfit,h_400,w_400/quality,q_90"
کفش رسمی مردانه,"https://dkstatics-public.digikala.com/digikala-products/119454371.jpg?x-oss-process=image/resize,m_lfit,h_400,w_400/quality,q_90"
کفش رسمی مردانه,"https://dkstatics-public.digikala.com/digikala-products/119490903.jpg?x-oss-process=image/resize,m_lfit,h_400,w_400/quality,q_90"
کفش رسمی مردانه,"https://dkstatics-public.digikala.com/digikala-products/119492130.jpg?x-oss-process=image/resize,m_lfit,h_400,w_400/quality,q_90"
کفش رسمی مردانه,"https://dkstatics-public.digikala.com/digikala-products/119504887.jpg?x-oss-process=image/resize,m_lfit,h_400,w_400/quality,q_90"
کفش رسمی مردانه,"https://dkstatics-public.digikala.com/digikala-products/119540722.jpg?x-oss-process=image/resize,m_lfit,h_400,w_400/quality,q_90"
کفش رسمی مردانه,"https://dkstatics-public.digikala.com/digikala-products/119584835.jpg?x-oss-process=image/resize,m_lfit,h_400,w_400/quality,q_90"
کفش رسمی مردانه,"https://dkstatics-public.digikala.com/digikala-products/119638204.jpg?x-oss-process=image/resize,m_lfit,h_400,w_400/quality,q_90"
کفش رسمی مردانه,"https://dkstatics-public.digikala.com/digikala-products/119857696.jpg?x-oss-process=image/resize,m_lfit,h_400,w_400/quality,q_90"
کفش رسمی مردانه,"https://dkstatics-public.digikala.com/digikala-products/119858275.jpg?x-oss-process=image/resize,m_lfit,h_400,w_400/quality,q_90"
کفش رسمی مردانه,"https://dkstatics-public.digikala.com/digikala-products/119858697.jpg?x-oss-process=image/resize,m_lfit,h_400,w_400/quality,q_90"
کفش رسمی مردانه,"https://dkstatics-public.digikala.com/digikala-products/119894957.jpg?x-oss-process=image/resize,m_lfit,h_400,w_400/quality,q_90"
کفش روزمره زنانه,"https://dkstatics-public.digikala.com/digikala-products/115510730.jpg?x-oss-process=image/resize,m_lfit,h_400,w_400/quality,q_90"
کفش روزمره زنانه,"https://dkstatics-public.digikala.com/digikala-products/115558882.jpg?x-oss-process=image/resize,m_lfit,h_400,w_400/quality,q_90"
کفش روزمره زنانه,"https://dkstatics-public.digikala.com/digikala-products/115559498.jpg?x-oss-process=image/resize,m_lfit,h_400,w_400/quality,q_90"
کفش روزمره زنانه,"https://dkstatics-public.digikala.com/digikala-products/115560969.jpg?x-oss-process=image/resize,m_lfit,h_400,w_400/quality,q_90"
کفش روزمره زنانه,"https://dkstatics-public.digikala.com/digikala-products/115563144.jpg?x-oss-process=image/resize,m_lfit,h_400,w_400/quality,q_90"
کفش روزمره زنانه,"https://dkstatics-public.digikala.com/digikala-products/115563192.jpg?x-oss-process=image/resize,m_lfit,h_400,w_400/quality,q_90"
کفش روزمره زنانه,"https://dkstatics-public.digikala.com/digikala-products/115567481.jpg?x-oss-process=image/resize,m_lfit,h_400,w_400/quality,q_90"
کفش روزمره زنانه,"https://dkstatics-public.digikala.com/digikala-products/115567501.jpg?x-oss-process=image/resize,m_lfit,h_400,w_400/quality,q_90"
کفش روزمره زنانه,"https://dkstatics-public.digikala.com/digikala-products/115587339.jpg?x-oss-process=image/resize,m_lfit,h_400,w_400/quality,q_90"
کفش روزمره زنانه,"https://dkstatics-public.digikala.com/digikala-products/115587463.jpg?x-oss-process=image/resize,m_lfit,h_400,w_400/quality,q_90"
کفش روزمره زنانه,"https://dkstatics-public.digikala.com/digikala-products/115588611.jpg?x-oss-process=image/resize,m_lfit,h_400,w_400/quality,q_90"
کفش روزمره زنانه,"https://dkstatics-public.digikala.com/digikala-products/115589245.jpg?x-oss-process=image/resize,m_lfit,h_400,w_400/quality,q_90"
کفش روزمره زنانه,"https://dkstatics-public.digikala.com/digikala-products/115590674.jpg?x-oss-process=image/resize,m_lfit,h_400,w_400/quality,q_90"
کفش روزمره زنانه,"https://dkstatics-public.digikala.com/digikala-products/115591004.jpg?x-oss-process=image/resize,m_lfit,h_400,w_400/quality,q_90"
کفش روزمره زنانه,"https://dkstatics-public.digikala.com/digikala-products/115591440.jpg?x-oss-process=image/resize,m_lfit,h_400,w_400/quality,q_90"
کفش روزمره زنانه,"https://dkstatics-public.digikala.com/digikala-products/115593214.jpg?x-oss-process=image/resize,m_lfit,h_400,w_400/quality,q_90"
کفش روزمره زنانه,"https://dkstatics-public.digikala.com/digikala-products/115594804.jpg?x-oss-process=image/resize,m_lfit,h_400,w_400/quality,q_90"
کفش روزمره زنانه,"https://dkstatics-public.digikala.com/digikala-products/115595011.jpg?x-oss-process=image/resize,m_lfit,h_400,w_400/quality,q_90"
کفش روزمره زنانه,"https://dkstatics-public.digikala.com/digikala-products/115595072.jpg?x-oss-process=image/resize,m_lfit,h_400,w_400/quality,q_90"
کفش روزمره زنانه,"https://dkstatics-public.digikala.com/digikala-products/115595255.jpg?x-oss-process=image/resize,m_lfit,h_400,w_400/quality,q_90"
کفش روزمره زنانه,"https://dkstatics-public.digikala.com/digikala-products/115595356.jpg?x-oss-process=image/resize,m_lfit,h_400,w_400/quality,q_90"
کفش روزمره زنانه,"https://dkstatics-public.digikala.com/digikala-products/115597536.jpg?x-oss-process=image/resize,m_lfit,h_400,w_400/quality,q_90"
کفش روزمره زنانه,"https://dkstatics-public.digikala.com/digikala-products/115597654.jpg?x-oss-process=image/resize,m_lfit,h_400,w_400/quality,q_90"
کفش روزمره زنانه,"https://dkstatics-public.digikala.com/digikala-products/115597724.jpg?x-oss-process=image/resize,m_lfit,h_400,w_400/quality,q_90"
کفش روزمره زنانه,"https://dkstatics-public.digikala.com/digikala-products/115597895.jpg?x-oss-process=image/resize,m_lfit,h_400,w_400/quality,q_90"
کفش روزمره زنانه,"https://dkstatics-public.digikala.com/digikala-products/115598299.jpg?x-oss-process=image/resize,m_lfit,h_400,w_400/quality,q_90"
کفش روزمره زنانه,"https://dkstatics-public.digikala.com/digikala-products/115598596.jpg?x-oss-process=image/resize,m_lfit,h_400,w_400/quality,q_90"
کفش روزمره زنانه,"https://dkstatics-public.digikala.com/digikala-products/115600003.jpg?x-oss-process=image/resize,m_lfit,h_400,w_400/quality,q_90"
کفش روزمره زنانه,"https://dkstatics-public.digikala.com/digikala-products/115600091.jpg?x-oss-process=image/resize,m_lfit,h_400,w_400/quality,q_90"
کفش روزمره زنانه,"https://dkstatics-public.digikala.com/digikala-products/115601648.jpg?x-oss-process=image/resize,m_lfit,h_400,w_400/quality,q_90"
کفش روزمره زنانه,"https://dkstatics-public.digikala.com/digikala-products/115608564.jpg?x-oss-process=image/resize,m_lfit,h_400,w_400/quality,q_90"
کفش روزمره زنانه,"https://dkstatics-public.digikala.com/digikala-products/119897115.jpg?x-oss-process=image/resize,m_lfit,h_400,w_400/quality,q_90"
کفش روزمره زنانه,"https://dkstatics-public.digikala.com/digikala-products/119910417.jpg?x-oss-process=image/resize,m_lfit,h_400,w_400/quality,q_90"
کفش روزمره زنانه,"https://dkstatics-public.digikala.com/digikala-products/120154086.jpg?x-oss-process=image/resize,m_lfit,h_400,w_400/quality,q_90"
کفش روزمره زنانه,"https://dkstatics-public.digikala.com/digikala-products/120156858.jpg?x-oss-process=image/resize,m_lfit,h_400,w_400/quality,q_90"
کفش روزمره زنانه,"https://dkstatics-public.digikala.com/digikala-products/120171292.jpg?x-oss-process=image/resize,m_lfit,h_400,w_400/quality,q_90"
کفش روزمره مردانه,"https://dkstatics-public.digikala.com/digikala-products/115032050.jpg?x-oss-process=image/resize,m_lfit,h_400,w_400/quality,q_90"
کفش روزمره مردانه,"https://dkstatics-public.digikala.com/digikala-products/115165860.jpg?x-oss-process=image/resize,m_lfit,h_400,w_400/quality,q_90"
کفش روزمره مردانه,"https://dkstatics-public.digikala.com/digikala-products/115168230.jpg?x-oss-process=image/resize,m_lfit,h_400,w_400/quality,q_90"
کفش روزمره مردانه,"https://dkstatics-public.digikala.com/digikala-products/115236551.jpg?x-oss-process=image/resize,m_lfit,h_400,w_400/quality,q_90"
کفش روزمره مردانه,"https://dkstatics-public.digikala.com/digikala-products/115301728.jpg?x-oss-process=image/resize,m_lfit,h_400,w_400/quality,q_90"
کفش روزمره مردانه,"https://dkstatics-public.digikala.com/digikala-products/115310134.jpg?x-oss-process=image/resize,m_lfit,h_400,w_400/quality,q_90"
کفش روزمره مردانه,"https://dkstatics-public.digikala.com/digikala-products/115310735.jpg?x-oss-process=image/resize,m_lfit,h_400,w_400/quality,q_90"
کفش روزمره مردانه,"https://dkstatics-public.digikala.com/digikala-products/115314814.jpg?x-oss-process=image/resize,m_lfit,h_400,w_400/quality,q_90"
کفش روزمره مردانه,"https://dkstatics-public.digikala.com/digikala-products/115316312.jpg?x-oss-process=image/resize,m_lfit,h_400,w_400/quality,q_90"
کفش روزمره مردانه,"https://dkstatics-public.digikala.com/digikala-products/115317480.jpg?x-oss-process=image/resize,m_lfit,h_400,w_400/quality,q_90"
کفش روزمره مردانه,"https://dkstatics-public.digikala.com/digikala-products/115318525.jpg?x-oss-process=image/resize,m_lfit,h_400,w_400/quality,q_90"
کفش روزمره مردانه,"https://dkstatics-public.digikala.com/digikala-products/115320340.jpg?x-oss-process=image/resize,m_lfit,h_400,w_400/quality,q_90"
کفش روزمره مردانه,"https://dkstatics-public.digikala.com/digikala-products/115321313.jpg?x-oss-process=image/resize,m_lfit,h_400,w_400/quality,q_90"
کفش روزمره مردانه,"https://dkstatics-public.digikala.com/digikala-products/115326565.jpg?x-oss-process=image/resize,m_lfit,h_400,w_400/quality,q_90"
کفش روزمره مردانه,"https://dkstatics-public.digikala.com/digikala-products/115327079.jpg?x-oss-process=image/resize,m_lfit,h_400,w_400/quality,q_90"
کفش روزمره مردانه,"https://dkstatics-public.digikala.com/digikala-products/115327129.jpg?x-oss-process=image/resize,m_lfit,h_400,w_400/quality,q_90"
کفش روزمره مردانه,"https://dkstatics-public.digikala.com/digikala-products/115329464.jpg?x-oss-process=image/resize,m_lfit,h_400,w_400/quality,q_90"
کفش روزمره مردانه,"https://dkstatics-public.digikala.com/digikala-products/115329526.jpg?x-oss-process=image/resize,m_lfit,h_400,w_400/quality,q_90"
کفش روزمره مردانه,"https://dkstatics-public.digikala.com/digikala-products/115338903.jpg?x-oss-process=image/resize,m_lfit,h_400,w_400/quality,q_90"
کفش روزمره مردانه,"https://dkstatics-public.digikala.com/digikala-products/115344022.jpg?x-oss-process=image/resize,m_lfit,h_400,w_400/quality,q_90"
کفش روزمره مردانه,"https://dkstatics-public.digikala.com/digikala-products/115344086.jpg?x-oss-process=image/resize,m_lfit,h_400,w_400/quality,q_90"
کفش روزمره مردانه,"https://dkstatics-public.digikala.com/digikala-products/115344662.jpg?x-oss-process=image/resize,m_lfit,h_400,w_400/quality,q_90"
کفش روزمره مردانه,"https://dkstatics-public.digikala.com/digikala-products/115344858.jpg?x-oss-process=image/resize,m_lfit,h_400,w_400/quality,q_90"
کفش روزمره مردانه,"https://dkstatics-public.digikala.com/digikala-products/115345049.jpg?x-oss-process=image/resize,m_lfit,h_400,w_400/quality,q_90"
کفش روزمره مردانه,"https://dkstatics-public.digikala.com/digikala-products/115345322.jpg?x-oss-process=image/resize,m_lfit,h_400,w_400/quality,q_90"
کفش روزمره مردانه,"https://dkstatics-public.digikala.com/digikala-products/115347354.jpg?x-oss-process=image/resize,m_lfit,h_400,w_400/quality,q_90"
کفش روزمره مردانه,"https://dkstatics-public.digikala.com/digikala-products/115348248.jpg?x-oss-process=image/resize,m_lfit,h_400,w_400/quality,q_90"
کفش روزمره مردانه,"https://dkstatics-public.digikala.com/digikala-products/115350134.jpg?x-oss-process=image/resize,m_lfit,h_400,w_400/quality,q_90"
کفش روزمره مردانه,"https://dkstatics-public.digikala.com/digikala-products/115352615.jpg?x-oss-process=image/resize,m_lfit,h_400,w_400/quality,q_90"
کفش روزمره مردانه,"https://dkstatics-public.digikala.com/digikala-products/115352771.jpg?x-oss-process=image/resize,m_lfit,h_400,w_400/quality,q_90"
کفش روزمره مردانه,"https://dkstatics-public.digikala.com/digikala-products/115356061.jpg?x-oss-process=image/resize,m_lfit,h_400,w_400/quality,q_90"
کفش روزمره مردانه,"https://dkstatics-public.digikala.com/digikala-products/115356119.jpg?x-oss-process=image/resize,m_lfit,h_400,w_400/quality,q_90"
کفش روزمره مردانه,"https://dkstatics-public.digikala.com/digikala-products/115356171.jpg?x-oss-process=image/resize,m_lfit,h_400,w_400/quality,q_90"
کفش روزمره مردانه,"https://dkstatics-public.digikala.com/digikala-products/115356208.jpg?x-oss-process=image/resize,m_lfit,h_400,w_400/quality,q_90"
کفش روزمره مردانه,"https://dkstatics-public.digikala.com/digikala-products/115358060.jpg?x-oss-process=image/resize,m_lfit,h_400,w_400/quality,q_90"
کفش روزمره مردانه,"https://dkstatics-public.digikala.com/digikala-products/115360096.jpg?x-oss-process=image/resize,m_lfit,h_400,w_400/quality,q_90"
کفش روزمره مردانه,"https://dkstatics-public.digikala.com/digikala-products/115361213.jpg?x-oss-process=image/resize,m_lfit,h_400,w_400/quality,q_90"
کفش روزمره مردانه,"https://dkstatics-public.digikala.com/digikala-products/115362515.jpg?x-oss-process=image/resize,m_lfit,h_400,w_400/quality,q_90"
کفش روزمره مردانه,"https://dkstatics-public.digikala.com/digikala-products/115362635.jpg?x-oss-process=image/resize,m_lfit,h_400,w_400/quality,q_90"
کفش روزمره مردانه,"https://dkstatics-public.digikala.com/digikala-products/115362672.jpg?x-oss-process=image/resize,m_lfit,h_400,w_400/quality,q_90"
کفش روزمره مردانه,"https://dkstatics-public.digikala.com/digikala-products/115363708.jpg?x-oss-process=image/resize,m_lfit,h_400,w_400/quality,q_90"
کفش روزمره مردانه,"https://dkstatics-public.digikala.com/digikala-products/119133788.jpg?x-oss-process=image/resize,m_lfit,h_400,w_400/quality,q_90"
کفش روزمره مردانه,"https://dkstatics-public.digikala.com/digikala-products/119223400.jpg?x-oss-process=image/resize,m_lfit,h_400,w_400/quality,q_90"
کفش روزمره مردانه,"https://dkstatics-public.digikala.com/digikala-products/119789401.jpg?x-oss-process=image/resize,m_lfit,h_400,w_400/quality,q_90"
کفش روزمره مردانه,"https://dkstatics-public.digikala.com/digikala-products/119861068.jpg?x-oss-process=image/resize,m_lfit,h_400,w_400/quality,q_90"
کفش روزمره مردانه,"https://dkstatics-public.digikala.com/digikala-products/119898499.jpg?x-oss-process=image/resize,m_lfit,h_400,w_400/quality,q_90"
